{"cameraMode":{"drawMode":0,"name":"Shaded","section":"Shading Mode"},"sceneLighting":true,"audioPlay":false,"sceneViewState":{"m_AlwaysRefresh":false,"showFog":true,"showSkybox":true,"showFlares":true,"showImageEffects":true,"showParticleSystems":true,"showVisualEffectGraphs":true,"m_FxEnabled":true},"in2DMode":false,"pivot":{"x":-2.164612054824829,"y":-20.89759635925293,"z":3.845780372619629},"rotation":{"x":0.6462459564208984,"y":0.018309583887457849,"z":-0.015512862242758274,"w":0.7627528309822083},"size":17.816091537475587,"orthographic":false}