{"cameraMode":{"drawMode":0,"name":"Shaded","section":"Shading Mode"},"sceneLighting":true,"audioPlay":false,"sceneViewState":{"m_AlwaysRefresh":false,"showFog":true,"showSkybox":true,"showFlares":true,"showImageEffects":true,"showParticleSystems":true,"showVisualEffectGraphs":true,"m_FxEnabled":true},"in2DMode":false,"pivot":{"x":-4.3104352951049809,"y":-0.6675140857696533,"z":-10.956937789916993},"rotation":{"x":-0.019239744171500207,"y":0.9739795923233032,"z":-0.20690800249576569,"w":-0.09055070579051972},"size":18.405479431152345,"orthographic":false}