{"cameraMode":{"drawMode":0,"name":"Shaded","section":"Shading Mode"},"sceneLighting":true,"audioPlay":false,"sceneViewState":{"m_AlwaysRefresh":false,"showFog":true,"showSkybox":true,"showFlares":true,"showImageEffects":true,"showParticleSystems":true,"showVisualEffectGraphs":true,"m_FxEnabled":true},"in2DMode":false,"pivot":{"x":-3.0037875175476076,"y":4.33049201965332,"z":2.7220680713653566},"rotation":{"x":-0.006793090142309666,"y":-0.9822174906730652,"z":0.18414172530174256,"w":-0.03624952957034111},"size":2.261082887649536,"orthographic":false}