{"cameraMode":{"drawMode":0,"name":"Shaded","section":"Shading Mode"},"sceneLighting":true,"audioPlay":false,"sceneViewState":{"m_AlwaysRefresh":false,"showFog":true,"showSkybox":true,"showFlares":true,"showImageEffects":true,"showParticleSystems":true,"showVisualEffectGraphs":true,"m_FxEnabled":true},"in2DMode":false,"pivot":{"x":103.11492919921875,"y":-6.899527549743652,"z":0.3072395324707031},"rotation":{"x":-0.22304682433605195,"y":-0.08556556701660156,"z":0.01966126449406147,"w":-0.9708555936813355},"size":14.458518981933594,"orthographic":false}